{"spatial crop": {"x1": 17, "x2": 1261, "y1": 12, "y2": 709}, "time crop": {"start": 0.6666503567787972, "stop": 2.39994128440367}, "image processing method": "gray", "background proportion": 0.97}