{"spatial crop": {"x1": 266, "x2": 1249, "y1": 10, "y2": 706}, "time crop": {"start": 0.8999756097560976, "stop": 3.0332511291779585}, "image processing method": "gray", "background proportion": 0.97}