{"spatial crop": {"x1": 484, "x2": 941, "y1": 5, "y2": 700}, "time crop": {"start": 0.2333273082942097, "stop": 3.2332498435054773}, "image processing method": "gray", "background proportion": 0.97}