{"spatial crop": {"x1": 549, "x2": 914, "y1": 30, "y2": 688}, "time crop": {"start": 0.23332759562841532, "stop": 2.466606010928962}, "image processing method": "gray", "background proportion": 0.97, "frame rate": 30.000737723058762}