{"spatial crop": {"x1": 539, "x2": 969, "y1": 20, "y2": 697}, "time crop": {"start": 0.2333275956284153, "stop": 3.7332415300546447}, "image processing method": "gray", "background proportion": 0.97}