{"spatial crop": {"x1": 647, "x2": 1275, "y1": 3, "y2": 549}, "time crop": {"start": 0.8738672222222222, "stop": 3.0921455555555557}, "image processing method": "gray", "background proportion": 0.97}