{"spatial crop": {"x1": 647, "x2": 1268, "y1": 2, "y2": 547}, "time crop": {"start": 0.9333102102102102, "stop": 3.566578303303303}, "image processing method": "gray", "background proportion": 0.97}