{"spatial crop": {"x1": 478, "x2": 1272, "y1": 3, "y2": 507}, "time crop": {"start": 0.7333148846960168, "stop": 4.766546750524109}, "image processing method": "gray", "background proportion": 0.97}